STATE,YEAR,ENROLL,TOTAL_REVENUE,FEDERAL_REVENUE,STATE_REVENUE,AVG_MATH_4_SCORE,AVG_MATH_8_SCORE,AVG_READING_4_SCORE,AVG_READING_8_SCORE,FED_PER_STUDENT,STATE_PER_STUDENT,TOTAL_PER_STUDENT,PCT_IN_POVERTY,PCT_WITH_BA
AL,2003,727900.0,5196054.0,567704.0,2966981.0,223.344642639352,261.939022225118,207.083847576707,261.87087212251,779.9203187250996,4076.083253194121,7138.4173650226685,15.0,23.906618100000006
AK,2003,133303.0,1425948.0,259423.0,813371.0,232.99165432133597,279.02506986523105,211.54715356915298,268.772420626961,1946.115241217377,6101.670630068341,10697.043577413862,9.6,21.6088923
AZ,2003,875111.0,6529894.0,740579.0,2912629.0,228.91139607018397,271.177350478914,208.87280135481998,267.80896673815397,846.268644777634,3328.296638940661,7461.789418713742,13.5,26.8599131
AR,2003,450158.0,3241275.0,379947.0,2394336.0,229.00658865624402,265.77158934307596,213.615304459937,264.656551932316,844.0303182438167,5318.8791490987605,7200.3052261650355,17.8,18.9714533
CA,2003,6226552.0,59815855.0,5795655.0,33617766.0,227.45498179673598,267.049500585455,205.632437100793,255.07337956310002,930.7968519334618,5399.098248918503,9606.577605069386,13.1,29.6894531
CO,2003,751049.0,6297242.0,400219.0,2715219.0,235.19311612499598,283.399858481467,223.66098196102797,266.228560789199,532.880011823463,3615.235490627109,8384.595412549646,9.7,36.3115152
CT,2003,548466.0,6959891.0,351001.0,2481901.0,240.61524163452304,283.729811207579,228.340614955382,268.124234884295,639.9685668756131,4525.168378714451,12689.740111511015,8.1,35.675771399999995
DE,2003,111282.0,1242436.0,91986.0,794472.0,235.859424549367,277.158368932433,223.928811406218,253.172593739071,826.602685070362,7139.267806114196,11164.752610485075,7.3,30.1490689
FL,2003,2536699.0,19549835.0,1956803.0,8689141.0,233.72881145807003,271.371490239171,218.014488158342,255.320115210993,771.3973948032464,3425.3732902484685,7706.801240509811,12.7,28.9264382
GA,2003,1495819.0,13524807.0,1051973.0,6551699.0,230.254976798559,269.677009232403,213.597219332523,257.998089007686,703.2755968469447,4380.0078752843765,9041.74034425288,11.9,26.875629800000002
HI,2003,183829.0,2078877.0,170377.0,1873318.0,226.834610206384,265.728581015081,208.259567530742,251.007500405859,926.8232977386592,10190.546649331716,11308.754331471097,9.3,29.0239831
ID,2003,248515.0,1685984.0,162530.0,994022.0,234.943764703458,279.939266837246,218.25988551638,267.592640864405,654.0047884433535,3999.8470917248455,6784.234352051184,10.2,24.3168315
IL,2003,2062664.0,19627346.0,1618724.0,6792637.0,232.856775292011,277.16008095632196,216.3042879829,267.218075351081,784.7734774059178,3293.1379032164227,9515.532340701153,12.6,32.4996017
IN,2003,999713.0,8246076.0,582940.0,4569923.0,237.96827988706286,281.220939756711,220.40649112667901,264.532051451005,583.1073518099694,4571.234944429051,8248.443303228025,9.9,24.991809
IA,2003,482210.0,4374803.0,304688.0,1974708.0,238.476694547401,283.95334474435504,223.271129818993,238.700733278197,631.8574894755396,4095.12038323552,9072.40206549014,8.9,29.093124
KS,2003,470264.0,4068800.0,311152.0,2397661.0,241.74736576191398,284.19108805230303,220.14322971260398,271.790968707121,661.6538795229914,5098.542520796829,8652.161339162683,10.8,34.607844799999995
KY,2003,660782.0,4872025.0,503734.0,2904331.0,228.72634325953098,274.278472166639,219.044417325545,257.30131978689604,762.3300876839868,4395.2937580018815,7373.120030509305,14.4,23.471262799999998
LA,2003,723252.0,5478321.0,739078.0,2638985.0,226.247729119261,266.328359269062,204.729487524848,257.714824971911,1021.8817231061928,3648.7766366356404,7574.567370708963,17.0,24.6403058
ME,2003,203848.0,2162605.0,163516.0,874208.0,237.61571038162498,281.903773320764,223.85949380546901,251.284801856226,802.1466975393431,4288.5287076645345,10608.909579686826,11.6,24.678355600000003
MD,2003,866743.0,8700979.0,571108.0,3317403.0,233.079852288453,277.71611251073995,218.67375979261502,264.439775716816,658.9127342245625,3827.4355835582173,10038.706975424087,8.6,39.13437570000001
MA,2003,967200.0,11591832.0,712487.0,4757632.0,241.664527429109,286.52069448017,227.604259402914,266.408968905567,736.6490901571547,4918.974358974359,11984.937965260548,10.3,45.34165779999999
MI,2003,1764327.0,18488359.0,1357006.0,11227903.0,235.68697467413898,276.441861597672,218.789056709096,264.832532267553,769.1351999941054,6363.844684120348,10478.98660509078,11.4,26.4832825
MN,2003,825674.0,8484497.0,463746.0,6064474.0,241.91229558307705,290.680055978624,222.608962298108,267.5048316647,561.6575064734992,7344.877033792998,10275.843734936549,7.4,37.4414997
MS,2003,491623.0,3260771.0,482904.0,1754451.0,222.890600506289,260.911933580199,205.46440681013001,266.011689626198,982.2648655575513,3568.6918634807566,6632.665680816398,16.0,21.5595582
MO,2003,921625.0,7622601.0,559732.0,3430809.0,234.836425354607,278.766250348876,222.260230125215,266.191435227824,607.3316153533161,3722.56503458565,8270.82707174827,10.7,31.9867326
MT,2003,149801.0,1205602.0,171819.0,553269.0,235.75491526568905,285.928022552419,222.74654162772703,253.448288243581,1146.9816623387026,3693.359857410832,8048.023711457198,15.1,24.1978429
NE,2003,283934.0,2600831.0,225861.0,878715.0,236.254108414529,282.19375596569597,220.61180206660597,268.323265177592,795.4700740312891,3094.7861122655268,9159.984362563133,9.8,30.5313411
NV,2003,369498.0,2778564.0,191839.0,1663026.0,227.513598313738,268.04313771367,206.959682725248,261.59573193942504,519.1881958765676,4500.771316759496,7519.835019404706,10.9,17.834616
NH,2003,203702.0,2028602.0,101294.0,957471.0,243.11014219523705,286.198468660005,227.789508496749,272.90664505005697,497.265613494222,4700.351493848857,9958.674927099391,5.8,35.230647
NJ,2003,1350330.0,19785039.0,797717.0,8135014.0,238.776541201516,281.40711990453605,225.07332803577003,264.37829249338796,590.7570741966779,6024.463649626386,14652.00284374931,8.6,40.4855451
NM,2003,320264.0,2626262.0,383513.0,1905419.0,222.51800923908297,263.27290665162496,203.185312558191,267.711358412271,1197.4901955886396,5949.52601603677,8200.303499612819,18.1,17.0099953
NY,2003,2879228.0,38033080.0,2591430.0,17509618.0,235.930075481869,279.749257044273,222.18820710677602,255.010828024612,900.0433449521886,6081.358614184081,13209.47142775772,14.3,33.2810352
NC,2003,1314632.0,9907235.0,888996.0,5970302.0,242.04012560616403,281.240350571106,221.220579655011,267.363673296442,676.2318276141156,4541.424520322037,7536.127981062382,15.7,28.690891399999995
ND,2003,103785.0,882913.0,126023.0,306647.0,237.57738683297904,287.14464048292,221.642245735878,269.833415980195,1214.26988485812,2954.6369899311076,8507.134942429058,9.7,27.615964899999998
OH,2003,1803966.0,18018740.0,1097349.0,7844992.0,237.78206789556305,281.607295379003,221.86579907669,266.313690432675,608.2980499632476,4348.7471493365165,9988.403329109307,10.9,30.624039500000002
OK,2003,624202.0,4426835.0,563974.0,2272785.0,229.096621276342,271.905151347835,213.57935707208,252.309915677623,903.5120041268692,3641.104962816524,7091.991054177975,12.8,25.5441381
OR,2003,552135.0,4592019.0,407432.0,2348070.0,236.30590556784,280.892470910844,217.61453525022702,270.734453004041,737.9209794706004,4252.709935070227,8316.840989975277,12.5,24.4293488
PA,2003,1757066.0,19811545.0,1419644.0,6912678.0,235.947017122469,278.537758124922,218.69842753610905,267.786953088416,807.9628198371604,3934.216472232688,11275.356190376455,10.5,30.982217100000003
RI,2003,157286.0,1728055.0,109011.0,713197.0,230.29796199237305,271.998694378475,216.494015184678,251.59915596535402,693.0750352860395,4534.395941151787,10986.70574622026,11.5,31.264009
SC,2003,691736.0,5709707.0,535356.0,2761951.0,235.793223537785,277.300449617316,214.807724490456,265.329794503317,773.9310950998648,3992.781928365735,8254.170666265743,12.7,23.4479162
SD,2003,127632.0,965778.0,148498.0,328576.0,237.26482055278802,284.881736383978,222.27317857721198,261.71164481782,1163.4856462329194,2574.401404036605,7566.895449417074,12.7,28.1104877
TN,2003,905050.0,5994756.0,608447.0,2648909.0,227.75504472077301,268.175728562365,211.94754112042,269.73035434547,672.2799845312412,2926.8095685321255,6623.673830175128,14.0,25.9214197
TX,2003,4201914.0,35143236.0,3360082.0,13675228.0,237.305921828857,277.052648954338,214.80800561674096,266.566105917826,799.6551095524562,3254.523533799121,8363.625719136564,17.0,24.7096251
UT,2003,483066.0,2875622.0,263030.0,1607204.0,234.782950865289,280.64536966117,219.270338418871,261.719961000332,544.501165472213,3327.089880057797,5952.855303416096,9.1,27.4874843
VT,2003,94901.0,1451171.0,79956.0,779124.0,241.92607241845903,285.6455721843,226.121746629112,264.025569883652,842.5200998935733,8209.860802309775,15291.419479246797,8.5,30.7349575
VA,2003,1175458.0,10504167.0,698716.0,4087720.0,239.20308912003503,281.676643366069,223.340359189755,264.267365101484,594.420217481186,3477.555131701856,8936.233366058166,10.0,36.377541
WA,2003,1014577.0,8565636.0,702469.0,5334268.0,238.292839469301,281.151364414263,221.096695134157,260.879572089782,692.3762316709327,5257.627563013946,8442.568676404058,12.6,25.491571800000006
WV,2003,281591.0,2497707.0,267470.0,1519848.0,230.767748452518,270.770353447282,219.179524491303,258.08899144280497,949.852800693204,5397.360000852301,8869.98164003821,17.4,19.4794719
WI,2003,875390.0,8931497.0,530014.0,4838109.0,236.75541398272597,283.91586565449404,220.833427555838,269.97105860956503,605.4604233541621,5526.8040530506405,10202.877574566764,9.8,26.039330800000002
WY,2003,85966.0,962240.0,84308.0,489199.0,241.08570064627887,283.50334994463,222.075166369555,258.10836458389,980.7133052602193,5690.610241258172,11193.262452597539,9.8,22.059570000000004
AL,2005,729342.0,5889966.0,665924.0,3247562.0,225.07123624126496,262.211100048323,207.75203301297,273.045757236707,913.0476511705072,4452.7286238828965,8075.725791192609,16.7,23.2689966
AK,2005,132568.0,1599739.0,302846.0,878731.0,235.51070553974498,278.958709394219,211.06131857044997,266.87873748607603,2284.4577877014067,6628.530263713717,12067.308852815158,10.0,26.363494899999996
AZ,2005,919875.0,7550109.0,897553.0,3320196.0,229.80067307133098,274.305090048274,207.14273663584,264.947778144606,975.7336594646013,3609.3991031390137,8207.755401549124,15.2,26.260531800000006
AR,2005,461667.0,3978240.0,447012.0,2995788.0,235.54546696397998,271.636348366415,217.071528896937,254.99855238547798,968.2563406091404,6489.066794897621,8617.120132043226,13.8,21.602724399999996
CA,2005,6307022.0,62171797.0,7148863.0,34912166.0,230.36695749900002,268.558128581435,206.512026480797,264.184509633385,1133.4767819107021,5535.443827530648,9857.551947654536,13.2,30.4660005
CO,2005,765388.0,6910296.0,472246.0,2954915.0,239.21587446297997,280.824007310133,223.65613000374802,266.22554358249,617.0020956691246,3860.675892488516,9028.487512216028,11.4,37.9682795
CT,2005,552512.0,7898694.0,401558.0,2886076.0,242.12073236174197,281.068953005311,225.753019686927,251.978391189903,726.7860245569327,5223.5535155797525,14295.968232364185,9.3,39.381997999999996
DE,2005,112562.0,1431710.0,106513.0,894498.0,239.71691237716598,280.95354283122003,225.83845909292003,258.721274696008,946.2607274213324,7946.7138110552405,12719.3013628045,9.2,29.811981300000003
FL,2005,2645280.0,23216404.0,2328513.0,9940813.0,238.930649601433,274.04837689747995,219.465222176412,257.691731885046,880.251996007984,3757.943582531906,8776.539345551322,11.1,27.552758
GA,2005,1552758.0,14724731.0,1375318.0,6449103.0,233.635737790752,272.191564411022,214.430920543413,250.431056381298,885.7259147916161,4153.32138040828,9482.952913461078,14.4,30.2081687
HI,2005,183185.0,2274166.0,236973.0,1986615.0,230.096875403391,265.629319114115,209.578767644628,264.75810609504504,1293.6266615716354,10844.856292818737,12414.58634713541,8.6,33.0823105
ID,2005,253782.0,1796035.0,192039.0,1023550.0,241.65011574286493,280.966896649599,221.85951138201,264.012759246181,756.708513606166,4033.185962755436,7077.077964552253,9.9,26.5489634
IL,2005,2072437.0,21611180.0,1835598.0,7152163.0,233.067493972686,277.672238913307,216.489719991402,266.00936537348,885.7195659023653,3451.088259860252,10427.906855552184,11.5,33.103241499999996
IN,2005,1014528.0,11653165.0,708922.0,5224277.0,240.06909881046798,281.714945536305,218.072533254427,238.20309296002998,698.7702655816299,5149.465564282109,11486.292147678529,12.6,23.6998714
IA,2005,478319.0,4638125.0,363930.0,2051926.0,239.880801811134,283.81092883167196,220.80940018770698,270.508740857412,760.8520673441783,4289.869313157119,9696.719135137848,11.3,31.473200199999997
KS,2005,468481.0,4223632.0,356865.0,2360120.0,245.782046485738,284.030053484553,220.468749319458,255.77997000492599,761.749142441209,5037.813700021986,9015.588679156679,12.5,36.139340999999995
KY,2005,674502.0,5444309.0,646215.0,3121503.0,231.492305367483,273.983027164396,219.926817858434,256.872381537265,958.0623926986133,4627.863223533806,8071.598008604867,14.8,23.748773
LA,2005,717625.0,5975074.0,844640.0,2787542.0,230.23119641348597,267.755030846034,209.165658287644,248.50542302122105,1176.9935551297685,3884.399233583,8326.178714509668,18.3,23.5530497
ME,2005,198745.0,2324789.0,197651.0,895595.0,240.691459684627,281.058540918142,224.57777217037602,264.301743791415,994.495459005258,4506.25172960326,11697.345845178495,12.6,26.4386349
MD,2005,865561.0,9906219.0,670998.0,3729262.0,238.42170673666402,277.930794576753,220.02958576564998,263.517029687837,775.2174601212394,4308.491255960007,11444.85368448902,9.7,37.6401693
MA,2005,955225.0,12976279.0,761359.0,5434971.0,247.33704896217003,291.5135411152,231.279439344407,261.013686455544,797.0467690858176,5689.728597974299,13584.526158758408,10.1,42.3376962
MI,2005,1721351.0,19106382.0,1513264.0,10990030.0,237.70600298851105,277.346681960374,218.260689053895,267.00317168531103,879.1141376744197,6384.537494096207,11099.643245334624,12.0,29.736269099999998
MN,2005,814660.0,8777363.0,529037.0,5912340.0,245.746191132071,290.074995791089,225.226578117864,266.831233242163,649.3960670709254,7257.432548547858,10774.265337686891,8.1,37.7966239
MS,2005,494382.0,3639643.0,552628.0,1958500.0,226.698844722803,262.456242710419,204.39360704930303,263.938418419941,1117.8157780825352,3961.511543705071,7362.0054937275245,20.1,24.126917499999998
MO,2005,902659.0,8340865.0,694008.0,3640728.0,235.035547623939,276.44993926095003,221.16862279503,252.691593269226,768.8484798799989,4033.3370630548197,9240.327742813177,11.6,29.5765962
MT,2005,146552.0,1293070.0,191687.0,578321.0,240.575488552507,286.432001216413,224.552179792932,269.983443790132,1307.9794202740325,3946.182924832142,8823.284567934928,13.8,28.9341164
NE,2005,284553.0,2895640.0,295968.0,878576.0,237.706178475691,283.9629910353,221.377462774998,260.78238344543,1040.115549651559,3087.5654096073495,10176.100761545302,9.5,30.1173336
NV,2005,399727.0,3381646.0,251421.0,1996995.0,229.87159551387995,269.905585503685,207.186974378559,273.716062946534,628.9817800648942,4995.89719983889,8459.888874156613,10.6,23.1085385
NH,2005,202223.0,2332695.0,125956.0,878957.0,245.62592639978698,285.2533570362,227.438324133747,261.138472348508,622.8569450557059,4346.47394213319,11535.260578668103,5.6,35.9958099
NJ,2005,1368959.0,23026334.0,937945.0,9340953.0,243.978931397732,283.902604236295,223.298393451738,268.35667287108896,685.152002360918,6823.398655474707,16820.324056454578,6.8,40.8145297
NM,2005,326102.0,2982991.0,480888.0,2102670.0,224.027218256997,263.275162986677,206.79162070609902,250.530668896407,1474.655169241526,6447.890537316545,9147.41706582603,17.9,24.1125485
NY,2005,2816426.0,43936450.0,3156023.0,19202847.0,238.173976704232,279.716253699868,222.695200017251,264.659368767086,1120.5772848283605,6818.161386097133,15600.072574248357,14.5,33.8796431
NC,2005,1347177.0,11098165.0,1116670.0,6440768.0,241.23554932895803,281.82513658657797,217.13444866524398,269.224129746888,828.8962771781288,4780.936729175156,8238.08972391898,13.1,26.5097359
ND,2005,100413.0,969520.0,148482.0,341066.0,242.73699505931702,286.960953441317,224.810846710111,267.455694338449,1478.7129156583312,3396.6319102108287,9655.323513887644,11.2,30.0283906
OH,2005,1778784.0,19746239.0,1413888.0,8313858.0,242.105935222061,283.251774708647,222.533253783097,252.86906252292005,794.8621080468456,4673.899697771062,11100.976284922734,12.3,26.714598100000003
OK,2005,629145.0,4892548.0,678448.0,2440741.0,233.95532879955002,271.35990240867903,213.861450098821,269.65127033258597,1078.365082771062,3879.457040904721,7776.503031892486,15.6,25.7962681
OR,2005,550502.0,5022050.0,498217.0,2440758.0,238.324930566673,282.237325362273,216.899980219675,269.423228138126,905.0230516873688,4433.695063778152,9122.67348710813,12.0,30.7814787
PA,2005,1755560.0,22657782.0,1750988.0,7667114.0,240.57296331100704,280.713835066326,222.771980355527,251.03333074844502,997.3957027956892,4367.332361183895,12906.298844813047,11.2,32.40265160000001
RI,2005,153596.0,1903472.0,145957.0,747359.0,233.436772307714,272.345018074323,216.43986733386902,265.13856181731603,950.2656319174976,4865.7452016979605,12392.718560379175,12.1,30.148438100000003
SC,2005,701176.0,6337711.0,639308.0,2832245.0,238.302675325314,281.23432113535,213.20350717718102,258.160185489234,911.765377023743,4039.2782981733553,9038.687861535476,15.0,27.411372300000004
SD,2005,124862.0,1053504.0,176738.0,350316.0,241.594186083007,287.303617983357,222.39869209845298,270.243755830946,1415.466675209431,2805.6254104531404,8437.346830901315,11.8,30.4787614
TN,2005,940769.0,6806262.0,787269.0,2962151.0,231.688079714459,270.524576784271,214.221269348578,266.767281184036,836.8356100169118,3148.648605555668,7234.785584984199,14.9,24.2409746
TX,2005,4334611.0,37783715.0,4095588.0,13017433.0,241.990916323988,281.10284504749296,218.733823976846,259.631359955752,944.8571048244006,3003.137536447907,8716.748746311954,16.2,25.6758945
UT,2005,488055.0,3181279.0,326400.0,1729443.0,238.797423758414,279.15612342679196,221.310927118758,263.156890818544,668.777084549897,3543.541199250085,6518.2797020827575,9.2,28.4736642
VT,2005,92819.0,1628681.0,95016.0,1090494.0,243.52885539429298,287.35648761684104,226.88625100599202,266.821911059188,1023.6697227938243,11748.607504928948,17546.849244228015,7.6,38.4633119
VA,2005,1203697.0,12182657.0,826830.0,4871813.0,240.497568178325,284.371628221298,225.81371068133998,260.968326762196,686.9087486302616,4047.3748792262495,10121.032950983512,9.2,33.8038338
WA,2005,1019925.0,9141383.0,796450.0,5588494.0,241.68467451823898,285.052229728136,223.486397868759,257.16910456442,780.8907517709636,5479.318577346374,8962.799225433242,10.2,30.161741600000006
WV,2005,279456.0,2701056.0,329159.0,1607433.0,230.84326791657296,269.099492803301,214.767066412741,268.540435645755,1177.8562635978474,5752.0074716592235,9665.407076605978,15.4,20.465443899999997
WI,2005,869301.0,9584108.0,565072.0,4770290.0,240.568581924116,284.541556582959,221.16422654343899,259.072341834008,650.0303117102131,5487.500877141521,11025.074168786185,10.2,27.280413800000005
WY,2005,84146.0,1132160.0,106484.0,585789.0,242.955913765367,282.10060959815496,223.262145963811,258.191597999486,1265.4671642145795,6961.578684667126,13454.709671285622,10.6,20.448742000000003
AL,2007,743273.0,7069040.0,689072.0,4070949.0,228.52001796592498,266.000109919931,216.38895388448998,265.641981716133,927.0779377160209,5477.057554895711,9510.691226507624,14.5,22.6231523
AK,2007,132197.0,1800616.0,282270.0,1052357.0,237.27389321932486,282.557154120707,214.476954408027,266.917617143622,2135.2224331868347,7960.521040568244,13620.702436515201,7.6,25.1023346
AZ,2007,969875.0,8724434.0,953861.0,4204089.0,231.93693354533798,275.548426408372,209.520624281702,254.799747493408,983.4885938909654,4334.670962752933,8995.421059414874,14.3,27.1809099
AR,2007,474532.0,4415981.0,483689.0,3319030.0,237.670687444943,273.89986215628,217.027817745061,265.812615742952,1019.2969072686352,6994.32282754377,9305.970935574418,13.8,19.6564589
CA,2007,6288686.0,72516936.0,7200298.0,42333637.0,230.034091233638,270.381784005669,208.52218596154998,268.159428117446,1144.9606483771013,6731.7142245613795,11531.333572705014,12.7,32.8467284
CO,2007,790211.0,7689014.0,529854.0,3307016.0,240.205890246617,286.19275616634104,223.73265289646199,251.93688143753602,670.5221769881715,4184.978442466632,9730.330253565187,9.8,38.160498
CT,2007,549230.0,8913149.0,386553.0,3299175.0,242.755646830159,282.472790062009,227.203649213779,258.798455932602,703.8089689201248,6006.90967354296,16228.445277934561,8.9,41.41540550000001
DE,2007,114678.0,1694929.0,102114.0,1071957.0,241.794894891207,282.992082743316,225.07054230184897,254.82879235400398,890.4410610579187,9347.538324700468,14779.896754390556,9.3,28.940013699999998
FL,2007,2656176.0,28898362.0,2489027.0,11578932.0,242.02025001893003,277.383497256758,223.534926816656,251.287791535591,937.0715645348802,4359.248784719085,10879.68643644096,12.5,29.5848785
GA,2007,1628409.0,17755989.0,1475463.0,7907177.0,235.209017091471,274.778664644925,218.888171260588,266.407881623504,906.0764218325986,4855.768421815405,10903.887782491993,13.6,31.223972399999997
HI,2007,180728.0,2985593.0,256696.0,2681049.0,234.286134982354,268.77201335193297,213.496554967804,267.055691390062,1420.3443849320527,14834.718471957858,16519.814306582266,7.5,28.368876600000004
ID,2007,262935.0,2011951.0,202977.0,1338182.0,240.90284353732002,283.507595771493,223.404065315834,264.544830664544,771.9664555878827,5089.402323768231,7651.894955026908,9.9,27.4123139
IL,2007,2101075.0,23897153.0,1862627.0,7566377.0,237.28704131937096,280.497096028329,219.386811378061,240.793624795109,886.5114286734172,3601.1931987197027,11373.774377402046,10.0,35.072019899999994
IN,2007,1034588.0,10458932.0,765168.0,5224450.0,245.14425495640305,285.007210900174,221.673092302826,272.692552866005,739.5871593329906,5049.787934907422,10109.272483346027,11.8,22.8842905
IA,2007,483122.0,5194536.0,390585.0,2279228.0,242.819589303779,285.226903146597,224.89479538694698,259.790720651776,808.460388887279,4717.70691460956,10752.017088851262,8.9,28.6190648
KS,2007,468974.0,5038100.0,346441.0,2889107.0,247.923654192161,290.03259982925704,224.65836220092098,258.70499279233997,738.7211231326257,6160.484376532601,10742.81303441129,11.7,35.7740568
KY,2007,646360.0,6226696.0,677570.0,3557084.0,235.087920190601,278.704749914375,222.432314246177,251.33081069192403,1048.2857850114488,5503.2551519277185,9633.479794541741,15.5,25.748789100000003
LA,2007,662302.0,7048732.0,1234006.0,2911249.0,230.043119251121,272.386299598469,207.40680552969897,264.88634244604697,1863.20741897201,4395.651832547689,10642.776256149007,16.1,28.9605963
ME,2007,193539.0,2538161.0,198101.0,1081891.0,242.370603982666,286.47225311598703,225.54404578474097,262.826617097915,1023.5714765499459,5590.041283668925,13114.467885025757,10.9,30.1528176
MD,2007,851640.0,11674965.0,661677.0,4684827.0,240.32823069137902,285.734265236821,224.78126512650798,264.095960900362,776.9444835846132,5500.94758348598,13708.8030153586,8.8,36.1976574
MA,2007,945070.0,14407777.0,754202.0,6485380.0,252.430319790792,297.923344483955,235.753462061818,267.450719560442,798.03824055361,6862.327658268698,15245.195593977163,11.2,52.6569031
MI,2007,1686473.0,20576110.0,1541818.0,11383198.0,237.605553465148,276.830517083696,220.11845283265,267.413790936682,914.226317290582,6749.706636275826,12200.675611171955,10.8,29.455641200000002
MN,2007,810104.0,9693509.0,546297.0,6267386.0,246.997762406425,291.85111653854,224.917004310155,261.96595099365396,674.3541569971262,7736.5202492519475,11965.758717399249,9.3,39.694594
MS,2007,494135.0,4220926.0,712846.0,2214700.0,227.612377077088,264.890918700127,207.809518812675,253.23829428128897,1442.613860584658,4481.973549738432,8542.050249425765,22.6,24.3820045
MO,2007,910142.0,8908844.0,730811.0,3641310.0,239.411102894897,280.619538285703,220.776827870135,269.920153818638,802.9637133546195,4000.8152573993934,9788.411039156526,12.8,30.5842595
MT,2007,144258.0,1474306.0,190631.0,702476.0,243.618811261651,287.07552895369497,226.66653258748403,265.240121492132,1321.4587752498994,4869.5808897946745,10219.92541141566,13.0,32.4774082
NE,2007,287135.0,3234014.0,298196.0,992032.0,238.040808639328,283.65059864617297,222.902554305927,273.284048809294,1038.5219496055859,3454.932348895119,11263.043516116111,9.9,29.5161619
NV,2007,422782.0,4006081.0,277849.0,2266751.0,231.781600510466,270.80402437492296,210.819009123413,260.31770609297297,657.1921226542286,5361.512552568463,9475.524028932168,9.7,23.753186499999998
NH,2007,198625.0,2600123.0,137058.0,936882.0,248.571526557139,287.55706095499403,229.01717335240897,268.197442761373,690.0339836375077,4716.838263058527,13090.612964128379,5.8,36.7920888
NJ,2007,1363804.0,25293076.0,991769.0,10101279.0,248.621522373251,288.583451449458,230.64697200837998,250.063570104392,727.2078685793559,7406.694070408947,18545.975814706508,8.7,43.3317995
NM,2007,327816.0,3272953.0,444466.0,2360542.0,228.06431284199505,267.53807866263304,211.631884615174,263.442315999206,1355.8398613856552,7200.813871196037,9984.116089513627,14.0,23.2816154
NY,2007,2754976.0,50762544.0,3269310.0,22845772.0,242.54301817964298,280.14117723747603,223.75202728955898,270.937849960978,1186.6927334394204,8292.548465032001,18425.76632246524,14.5,36.1245078
NC,2007,1416028.0,13063307.0,1184934.0,7481148.0,241.617994022296,283.880668759806,217.934042613497,267.030850555401,836.8012496928027,5283.192140268413,9225.316872265235,15.5,29.4283468
ND,2007,96577.0,1045678.0,150165.0,355662.0,245.415854173904,291.561611918756,226.325481086957,252.348473866768,1554.873313521853,3682.6780703480126,10827.401969413007,9.3,32.846973899999995
OH,2007,1758645.0,22142424.0,1461326.0,9341723.0,244.532731712557,284.851639473941,225.666987806902,269.734588561039,830.9385919273077,5311.886708232759,12590.61607089549,12.8,27.8342201
OK,2007,639032.0,5491931.0,650579.0,2782356.0,236.80219418762002,274.534989354995,216.955654036521,270.141550284263,1018.0695176454387,4354.0167002591415,8594.140825498567,13.4,25.6453509
OR,2007,559643.0,5648586.0,526411.0,2908595.0,236.039657297687,283.826277204194,215.01732344376998,250.75317445252998,940.6192876530217,5197.232878817389,10093.195126178653,12.8,32.461078300000004
PA,2007,1760451.0,25334577.0,1821479.0,8593421.0,244.001273492789,286.16686332577,226.353658210298,263.54571646767005,1034.6661168075682,4881.374715910866,14390.958339652736,10.4,33.3649377
RI,2007,147861.0,2100679.0,165167.0,817792.0,235.87793575221198,275.386990471622,218.761444851879,259.13670308841097,1117.0423573491319,5530.816104314187,14207.120200729065,9.5,36.10545570000001
SC,2007,701580.0,7130274.0,680718.0,3120416.0,237.10741145424402,281.50360148092096,213.836527211386,268.017670542433,970.2642606687764,4447.698052966162,10163.165996750191,14.1,29.5745724
SD,2007,121158.0,1136570.0,174096.0,371645.0,241.213428581694,288.463925271604,223.39852668799702,267.978979400559,1436.9335908483135,3067.440862345037,9380.891067861801,9.4,31.3758745
TN,2007,978084.0,7617488.0,805633.0,3342186.0,232.753710108317,273.978786623685,215.749268590355,259.547225161046,823.6848777814585,3417.074607088962,7788.173612900324,14.8,28.2752227
TX,2007,4513835.0,44355326.0,4423644.0,15952564.0,242.339759859575,285.870708420456,219.60431305031602,265.710210180337,980.0189860728185,3534.148678451915,9826.527996703471,16.5,27.003222
UT,2007,504079.0,3656090.0,343915.0,1977900.0,239.40498890696202,281.08747370552504,221.26142812873903,267.665630227785,682.2640895573908,3923.789723436208,7253.009944869754,9.6,28.1069425
VT,2007,89329.0,1836316.0,97086.0,1237083.0,246.35740495721402,291.010773791979,228.248538219188,258.321117711185,1086.8363017609063,13848.615791064492,20556.77327631564,9.9,39.1447154
VA,2007,1220440.0,14176385.0,890144.0,5796043.0,243.52112978321603,287.62590496388196,227.13672485221198,257.42120279297296,729.3631804922815,4749.142112680674,11615.798400576841,8.6,37.651140399999996
WA,2007,1026121.0,10350748.0,801339.0,6339782.0,242.54223198471402,284.862804344983,223.999336825378,269.596763416027,780.9400645732812,6178.396115078046,10087.2587151028,10.2,32.3613143
WV,2007,281298.0,2905489.0,353571.0,1677212.0,236.33780580016705,270.084093587271,215.13055545931093,259.161954905287,1256.9268178230914,5962.40286102283,10328.864762636065,14.8,18.1217082
WI,2007,870584.0,10154985.0,574090.0,5175386.0,244.181214196835,285.617942521924,223.31800981087602,260.812919224922,659.4309107449711,5944.729055438647,11664.566543837242,11.0,30.172822200000002
WY,2007,85034.0,1477891.0,111051.0,722364.0,243.86691506428397,286.987771483089,225.289483281059,262.22802467896196,1305.959968953595,8495.00199920032,17380.00094080015,10.9,19.5612726
AL,2009,745668.0,7186390.0,728795.0,4161103.0,227.962650411086,268.524120315168,216.273355869774,267.577473732317,977.3719671489188,5580.369547841668,9637.519646813327,16.6,24.50706
AK,2009,130236.0,2158970.0,312667.0,1357747.0,237.21228433612202,283.047662800849,211.127368273139,256.10686155675097,2400.7724438711266,10425.28179612396,16577.36724100863,11.7,26.3466401
AZ,2009,981303.0,8802515.0,1044140.0,3806064.0,229.991105224216,277.332281962623,209.989269506089,267.16702974162,1064.0342483412362,3878.5818447513147,8970.231416799908,21.2,28.482764300000003
AR,2009,474423.0,4753142.0,534510.0,3530487.0,237.54059191157398,275.999499994013,216.15158139298802,269.568729685871,1126.6527971873202,7441.643849476099,10018.784924002419,18.9,22.844883
CA,2009,6234155.0,73958896.0,9745250.0,40084244.0,231.674927207631,270.448588146426,209.762405377999,254.89524659554002,1563.2030323275567,6429.779817794071,11863.499704450722,15.3,30.8910876
CO,2009,812068.0,8310673.0,560538.0,3634018.0,243.132439997085,287.372907515934,225.69664059033198,259.449426538116,690.2599289714655,4475.016870508381,10233.961934222258,12.3,42.1821591
CT,2009,539250.0,9681268.0,403017.0,3606594.0,244.717742733409,288.608513451696,228.97211669940896,257.595275452299,747.3657858136299,6688.166898470096,17953.20908669448,8.4,42.8139839
DE,2009,116804.0,1718993.0,109682.0,1047418.0,239.490569439364,283.829472979958,225.513086784412,258.048580163614,939.026060751344,8967.312763261532,14716.901818430877,12.3,34.713572799999994
FL,2009,2623067.0,26494500.0,2694566.0,9047586.0,241.944909379496,279.33526411278,225.67340734479401,265.51311994428,1027.2577864004236,3449.2393827530896,10100.580732402184,14.6,33.2702655
GA,2009,1649598.0,17972839.0,1644548.0,7739086.0,236.029572886478,277.561199732371,217.84810573368802,271.810133169712,996.9386480827452,4691.4981710695565,10895.284184389166,18.4,32.9672603
HI,2009,179478.0,2689758.0,392837.0,2205032.0,235.679780829025,273.758606683625,210.61641868593998,264.998966063101,2188.775225932984,12285.806616966982,14986.561026978236,12.5,31.1569794
ID,2009,267951.0,2182273.0,218777.0,1459554.0,241.04280230401298,287.305215052426,221.022924421352,242.49042430531398,816.4813715940601,5447.092938634301,8144.29877104396,13.7,26.845269399999996
IL,2009,2117291.0,26987426.0,3346509.0,7879160.0,238.28566884936,282.43141699208803,219.16577996227002,272.45931634873904,1580.5616705497735,3721.3401464418453,12746.205410593066,13.2,36.3713384
IN,2009,1028259.0,12999357.0,1403839.0,5804809.0,242.616809561118,286.809977886735,222.659480848241,264.362040854787,1365.2581693911748,5645.279059069749,12642.103789025918,16.1,23.3021349
IA,2009,487559.0,5732319.0,431142.0,2545353.0,242.59564400257702,284.170178554705,221.422298113147,260.244524519648,884.2868247740272,5220.605095998639,11757.180156657963,10.7,33.4907611
KS,2009,470445.0,5615208.0,378810.0,3291485.0,245.308653571101,288.596403041255,223.924213283757,254.738979931593,805.2163377227944,6996.5351954001,11935.950004782706,13.7,35.3128495
KY,2009,669858.0,6706922.0,719997.0,3870440.0,238.835902308004,279.284216093787,225.606242400736,264.837184984886,1074.8501921302723,5778.000710598366,10012.453385642928,17.0,26.7059575
LA,2009,662774.0,7984550.0,1238259.0,3568903.0,229.432455453722,272.379906697646,207.48613716309399,264.514002261585,1868.297489038496,5384.796325746031,12047.168416383262,14.3,25.298033
ME,2009,187372.0,2623127.0,245063.0,1107152.0,244.45573275395802,286.361425938805,223.790428000088,265.69124060951,1307.8955233439362,5908.8444378028735,13999.567704886536,11.4,29.1207498
MD,2009,843781.0,13147931.0,694846.0,5697257.0,243.795041028457,288.341565298202,226.047783920533,264.888126041644,823.4909295184414,6752.0565170346335,15582.16053691657,9.6,40.5890531
MA,2009,932437.0,15298022.0,1181681.0,5974489.0,252.25478970054797,298.854346618482,233.749463106304,266.799519310717,1267.3038500188215,6407.391598574489,16406.49395079775,10.8,50.766133
MI,2009,1537515.0,19616665.0,2094714.0,10130740.0,236.279719737382,278.268168151681,218.23555034441898,266.854019810768,1362.4023180261654,6589.034903724517,12758.682029118414,14.0,30.5606825
MN,2009,800831.0,10353784.0,575703.0,6590788.0,249.455534206082,294.443320106986,223.336661773101,253.329004007468,718.8820113107512,8229.93615382022,12928.800208783125,11.1,41.85748510000001
MS,2009,491194.0,4392101.0,675576.0,2334363.0,227.262260849183,265.001958154729,210.50651753667802,267.706499608477,1375.3751063734494,4752.425721812563,8941.682919579636,23.1,21.4245727
MO,2009,893807.0,9472520.0,758650.0,3927189.0,240.684380944942,285.808001946777,223.84235777869597,267.29805648900395,848.7850285352431,4393.777403846692,10597.947879128267,15.5,31.666738100000003
MT,2009,141782.0,1607935.0,195705.0,765177.0,244.400751913997,291.542942879491,224.651750127955,273.58928971871103,1380.3233132555615,5396.855736271177,11340.896587719173,13.5,34.1881254
NE,2009,292161.0,3522481.0,297732.0,1182776.0,238.748463363704,284.259093531038,222.523307331545,261.898150017122,1019.0682534629876,4048.3705901882868,12056.643426056182,9.9,32.3901595
NV,2009,430985.0,4442101.0,425133.0,2272415.0,235.152273891367,274.148541684888,211.140588986901,269.739820132507,986.4218012227803,5272.608095409353,10306.857547246425,13.0,26.3160337
NH,2009,197024.0,2816162.0,146867.0,1002239.0,251.071752631735,292.321817220053,229.144520432665,251.305654614612,745.426953061556,5086.887891830437,14293.497238915055,7.8,38.8381689
NJ,2009,1354912.0,26510413.0,1014556.0,10401527.0,246.52986977977997,292.657227109585,229.394486392659,266.876460156868,748.7984459507331,7676.902263763254,19566.151159632507,9.3,41.4574412
NM,2009,328737.0,3703477.0,519973.0,2615320.0,230.029589245712,269.704253797704,207.645730781769,270.393925995333,1581.7294676291385,7955.660604069514,11265.774768279807,19.3,23.286978
NY,2009,2696688.0,55885116.0,3197833.0,25768345.0,240.641098758037,282.576915418605,224.36874884831101,267.067856574245,1185.8372195819466,9555.55295977881,20723.61207525676,15.8,37.7462881
NC,2009,1452064.0,15410564.0,1377661.0,8229140.0,243.77846013203305,284.332635252336,219.296045907462,253.84095441962998,948.7605229521564,5667.201996606211,10612.868303325477,16.9,30.2749995
ND,2009,94653.0,1150142.0,160294.0,407374.0,245.18952627083002,292.842488544915,225.967471901352,270.748158823326,1693.4909617233473,4303.867811902423,12151.141538038943,10.9,30.5494872
OH,2009,1729072.0,22779344.0,1531263.0,10226228.0,243.68755285939704,285.583013784517,224.532178118541,272.80263385761003,885.598170579363,5914.286970120388,13174.317784337494,13.3,29.063860700000003
OK,2009,644549.0,6029807.0,768972.0,3014993.0,236.780985587581,275.711956830545,217.19062755925304,254.129173669956,1193.0388535239372,4677.678500781166,9355.079287998276,12.9,24.3013827
OR,2009,560726.0,6158756.0,656298.0,3117315.0,238.03232724765098,285.036814371216,218.142340516871,264.288057457975,1170.4433181268566,5559.426529178243,10983.53919739766,13.4,31.856795700000006
PA,2009,1687145.0,26755585.0,1811141.0,9858461.0,243.58787315025,288.30416892392503,223.67943988465802,259.528486560755,1073.4945721914833,5843.280215986178,15858.497639503421,11.1,35.0478873
RI,2009,141521.0,2179714.0,206225.0,765069.0,238.76685909351104,277.92371937218996,222.704885161548,269.239984852546,1457.204231174172,5406.045745861038,15402.053405501658,13.0,36.0316644
SC,2009,714290.0,7669733.0,734602.0,3654658.0,235.66830247692798,280.380855413571,215.942298236521,268.67823553327,1028.4366293802236,5116.490501056994,10737.561774629352,13.7,26.0365877
SD,2009,126624.0,1258876.0,201889.0,412798.0,242.097789760041,290.619127707892,222.166592778336,259.495771007061,1594.3975865554714,3260.0296942127875,9941.843568359867,14.1,28.1404932
TN,2009,971484.0,8112895.0,870374.0,3800870.0,231.82548619984797,274.761821088186,216.737811108148,265.08924671643996,895.92211503226,3912.437055062153,8351.033058701943,16.5,29.378990100000006
TX,2009,4647205.0,48087531.0,4913841.0,19708771.0,240.464623710389,286.685076683873,218.858272374458,270.700536709088,1057.3755623003506,4240.994533273225,10347.624217136969,17.3,26.9047395
UT,2009,532433.0,4238943.0,535223.0,2224007.0,240.318712615955,284.068251870422,219.204130166973,259.885589729898,1005.2400959369536,4177.0645320631875,7961.458061389882,9.7,30.3827071
VT,2009,86320.0,1683034.0,102453.0,1336424.0,247.767226051132,292.866096352356,228.735783571246,257.27418459256097,1186.8975903614455,15482.205746061167,19497.613531047264,9.4,37.0424654
VA,2009,1235064.0,15251481.0,914507.0,6317714.0,243.07129688880002,286.069754986907,226.52756797670398,270.06099022928,740.4531263157213,5115.292810736934,12348.73739336585,10.7,39.7230241
WA,2009,1035907.0,12025012.0,1385421.0,7146416.0,242.25709121275398,288.722375608773,221.330110400417,260.94667619164903,1337.3990136180178,6898.7042273099805,11608.196488680933,11.7,32.8642814
WV,2009,281908.0,3097212.0,355325.0,1793917.0,232.983144485532,270.415765915327,214.520200208315,260.368795018986,1260.4289342622415,6363.483831604637,10986.605559260468,15.8,23.9853276
WI,2009,867035.0,10991081.0,1258519.0,4785070.0,243.585253522635,288.140726236317,220.135540597472,265.591577109328,1451.5204115174124,5518.889087522421,12676.628971148799,10.8,32.2610077
WY,2009,86971.0,1675761.0,108333.0,945765.0,242.009195680162,286.10403398533,222.65219632999901,272.305134189083,1245.6221039196973,10874.486897931494,19268.043370778767,9.2,22.5130527
AL,2011,746933.0,7376725.0,1077070.0,3965614.0,231.286019035945,269.09651583719,220.273413326721,257.383509312362,1441.9901115628845,5309.196407174405,9876.019669769576,15.4,26.5153604
AK,2011,131704.0,2357828.0,420152.0,1416163.0,236.35965802610698,283.2727978671,207.92369589694,267.54299418783296,3190.1233068092083,10752.619510417298,17902.47828463828,11.7,30.3174121
AZ,2011,946571.0,8429186.0,1245814.0,3054501.0,235.157597045644,279.033501713793,212.395049942915,270.966172221906,1316.1337078782258,3226.911663256111,8904.969621930104,17.2,31.559958399999996
AR,2011,475551.0,5176362.0,827026.0,3701224.0,237.810156979715,279.088205018109,216.51486397474997,258.421090379483,1739.0900239932205,7783.022220539963,10884.977636468011,18.7,23.4174828
CA,2011,6202604.0,70953331.0,9990221.0,37752712.0,234.164993212459,272.769803091291,211.35863599994,261.28525201639997,1610.649494954055,6086.590728668152,11439.281147079517,16.9,32.0903338
CO,2011,834832.0,8747471.0,969288.0,3493923.0,244.456097110102,291.7426728709,223.43384362777198,260.14800521382597,1161.0575540947161,4185.180970542577,10478.121346570328,13.2,43.5244085
CT,2011,530132.0,9783168.0,796156.0,3185501.0,242.413406903396,286.999944694085,227.42730425383598,259.140937770185,1501.807097100345,6008.882693366935,18454.21140395222,10.1,44.1311843
DE,2011,119878.0,1759170.0,192182.0,1010026.0,240.359832433478,282.769966403216,225.13051109460704,254.935218336086,1603.1465323078464,8425.44920669347,14674.669247067852,13.7,31.9093568
FL,2011,2636404.0,26453693.0,4710376.0,9069119.0,239.826451038787,277.837035214102,224.528585389604,274.681399470751,1786.6669903398722,3439.9579882294206,10034.00578970446,14.9,32.6405516
GA,2011,1666039.0,18030043.0,2267161.0,7492489.0,238.366542086539,278.483619188656,220.810720110917,265.83947553632004,1360.8090806997916,4497.187040639505,10822.101403388515,18.4,33.622438100000004
HI,2011,179601.0,2499513.0,347363.0,2088870.0,238.82192776062,277.836211052583,213.61457117423,242.056368171996,1934.0816587880913,11630.614528872336,13917.032755942339,12.1,30.2252615
ID,2011,265713.0,2089982.0,292602.0,1320153.0,240.328832465338,286.675063250389,220.82977062234002,272.349959976913,1101.195650946698,4968.341782298946,7865.561715083568,15.7,24.726388500000002
IL,2011,2072114.0,29507584.0,2894897.0,10030682.0,238.836878932328,283.228134687939,219.35749825998798,262.121374840411,1397.0741957247526,4840.79640405885,14240.328476135966,14.2,35.684588100000006
IN,2011,1023220.0,12125155.0,1024389.0,7340384.0,243.836875966553,285.00291608665003,220.731342685885,262.358643383963,1001.1424718046953,7173.8081741951855,11849.998045386134,15.6,26.9632434
IA,2011,493493.0,6098470.0,596688.0,2537754.0,242.60487294847198,284.92083605870397,220.70744695489498,257.188010446519,1209.1113754399755,5142.43160490625,12357.763939914043,10.4,30.7447929
KS,2011,482692.0,5538869.0,612100.0,2945175.0,246.25533479144298,289.61928267473996,223.565091158237,268.014671593394,1268.0964258781994,6101.5616583659985,11474.955043796044,14.3,39.8218424
KY,2011,672958.0,7104589.0,1164688.0,3704150.0,240.83070024317,281.608809706829,225.13506287332996,265.643729382276,1730.6993898579108,5504.281099266224,10557.254687513929,16.0,29.697138800000005
LA,2011,665109.0,8022917.0,1497262.0,3269321.0,230.778869270132,272.843333892634,210.410726308503,264.729844537772,2251.1528185605666,4915.466487447922,12062.559670670522,21.1,28.528110100000006
ME,2011,186835.0,2654366.0,289290.0,1043281.0,244.257016536718,288.73229763660197,222.03733220763698,264.55452746182596,1548.3715577916346,5583.969812936548,14207.006181925228,13.4,32.8875179
MD,2011,851971.0,13443940.0,1255964.0,5508339.0,247.106555813795,287.997802255227,230.78284121169602,267.336395789343,1474.1863279383927,6465.4066863778235,15779.809406658209,9.3,42.7539357
MA,2011,924903.0,15396681.0,1197383.0,5783240.0,253.39645576405,298.512431105164,236.773866580369,268.833963566714,1294.6038665676292,6252.807051117793,16646.806205623725,10.6,49.6277234
MI,2011,1455966.0,19374026.0,2525528.0,9845508.0,236.40221370650696,280.176517968298,218.860810368135,254.68834784390486,1734.6064399855493,6762.18263338567,13306.647270609341,15.0,32.1433202
MN,2011,798891.0,10912368.0,842906.0,6289912.0,249.186686145154,294.946422810345,222.30867236980401,269.872413013173,1055.0951256178878,7873.304368180391,13659.39533678562,10.0,41.3950894
MS,2011,490526.0,4516742.0,1006465.0,2071467.0,229.868022217831,269.235645624753,209.18802012976502,271.222896649808,2051.807651378316,4222.950465418754,9207.95635705345,17.4,22.7278685
MO,2011,896702.0,9915356.0,1344755.0,3828396.0,240.494831043156,281.947646246654,220.346171042259,275.36851762846,1499.6676710880538,4269.418379796187,11057.582117581986,15.4,30.7972054
MT,2011,141529.0,1631810.0,264517.0,713642.0,243.796606541624,292.907804277033,225.144216219664,265.194041240472,1868.995046951508,5042.372941234658,11529.863137590175,16.5,31.654688699999998
NE,2011,297659.0,3879388.0,571969.0,1153077.0,239.80326865057597,283.197044839966,223.311726013091,270.148960241064,1921.5578900688367,3873.818698577903,13032.994130867872,10.2,34.2819459
NV,2011,429610.0,4146577.0,447002.0,2359671.0,237.031878873139,278.113153726165,212.575191683097,253.83344043271302,1040.4832289751166,5492.58862689416,9651.956425595306,15.5,23.556796
NH,2011,189275.0,2947007.0,184768.0,1061011.0,251.77883682247003,292.10873973776,230.392676367953,266.76205134969103,976.1880861180824,5605.658433496235,15569.974904239862,7.6,43.09024960000001
NJ,2011,1399409.0,26242376.0,1283994.0,9331426.0,248.00416256175097,294.138771366004,231.23762972371003,272.87414076560697,917.5258984328384,6668.119184598641,18752.47050719268,11.4,39.2099519
NM,2011,331373.0,3591330.0,636436.0,2355210.0,232.840370734081,274.454701456959,208.01411935219,267.70386518897203,1920.6030666348802,7107.428788706383,10837.726670549502,22.2,29.705146399999997
NY,2011,2677412.0,57753776.0,5118477.0,23188002.0,237.519942618542,280.45302609298597,222.49381094408798,258.19326424883997,1911.7255767883319,8660.602850812651,21570.746676267976,16.0,42.9001121
NC,2011,1448117.0,14409515.0,2046954.0,7488570.0,244.51790076388198,286.267028242857,221.356963571717,272.078626455018,1413.528050564975,5171.246522207805,9950.518500922231,15.4,29.3514664
ND,2011,96255.0,1309044.0,186844.0,630430.0,245.15641599478298,291.998404485775,225.57752634611,275.183164316271,1941.1355254272503,6549.58183990442,13599.750662303259,9.9,34.4176643
OH,2011,1655534.0,23488657.0,2533882.0,9834235.0,244.038621552155,288.602596832439,223.82821391211002,255.86163460115003,1530.5526796791848,5940.219288761208,14187.964125170489,15.1,26.964629300000002
OK,2011,658163.0,5835133.0,968529.0,2741058.0,237.42908227430198,279.179608185009,215.47758572983398,265.69702830715,1471.5640350490687,4164.70995786758,8865.787046673848,13.9,25.779828
OR,2011,559631.0,6112484.0,848637.0,2792762.0,236.914497047468,282.518206779261,216.44015438168896,262.928956255321,1516.4224283501096,4990.363292955537,10922.347046536022,14.4,38.9904081
PA,2011,1670854.0,28492510.0,3371827.0,9261234.0,245.654910289272,286.10274173594104,227.23646319431,268.69421789306097,2018.0261111982252,5542.814632517265,17052.662889755775,12.6,34.9953303
RI,2011,139157.0,2212352.0,234111.0,768713.0,241.624774676562,282.875659622898,222.481596913528,268.283949224188,1682.351588493572,5524.06993539671,15898.244428954344,13.4,34.8671792
SC,2011,713511.0,7772777.0,1041572.0,3338715.0,237.303024975307,281.000133716553,214.899808914466,260.121264611744,1459.7840818151367,4679.276142904595,10893.703110393531,19.0,27.455693
SD,2011,125613.0,1297661.0,262395.0,374648.0,240.979792262817,290.61519679044,219.814446299081,264.225611626444,2088.9159561510355,2982.557537834461,10330.626607118691,14.5,35.0476201
TN,2011,986382.0,8679893.0,1272825.0,3955476.0,232.90111698293097,274.038710319906,214.640214936919,267.750596675669,1290.3976349933396,4010.0853421899433,8799.727691705648,16.3,29.1546767
TX,2011,4800196.0,51023159.0,7818075.0,19623258.0,241.10179365066003,290.34670935526503,218.320844616792,265.119556331117,1628.6991197859425,4088.011822850567,10629.390758210706,17.4,29.266722100000006
UT,2011,545395.0,4141253.0,500782.0,2058112.0,242.53751311453098,283.308332086503,220.41603448313703,260.30701989879503,918.2005702289166,3773.6172865537824,7593.12608293072,11.0,30.706625399999997
VT,2011,86982.0,1686499.0,106823.0,1329172.0,246.639729922321,293.882577068531,226.771642682085,268.941537575366,1228.1046653330575,15281.000666804626,19389.0575061507,11.6,38.0806874
VA,2011,1250852.0,14655345.0,1427301.0,5351177.0,245.333618143766,289.255411153431,226.37843469423998,259.20837071319903,1141.0630514241493,4278.0256976844585,11716.290176615621,11.4,40.804322
WA,2011,1042979.0,11905941.0,1367629.0,6758505.0,243.182884658018,288.107761945489,220.52878797215598,261.428390874698,1311.271847275928,6480.001035495442,11415.321880881591,12.5,32.4907958
WV,2011,282130.0,3475642.0,510256.0,1927726.0,234.655806758932,273.263173122564,214.386024190084,267.08740609916197,1808.5846949987595,6832.757948463474,12319.292524722645,17.5,23.304126899999996
WI,2011,864251.0,11664303.0,1002909.0,5226954.0,244.691865519641,288.665932686223,221.23990687237202,273.84076504911496,1160.4371878077084,6047.9582898949475,13496.429856604158,13.1,34.364217700000005
WY,2011,88165.0,1650621.0,154955.0,878979.0,243.874435027563,287.767926048951,224.062278090794,267.272891187823,1757.5568536267224,9969.704531276584,18721.95315601429,10.7,24.3502805
AL,2013,744548.0,7197439.0,811739.0,3898347.0,232.86133246614799,269.194280616502,218.57595339188,269.533726363214,1090.2440138177794,5235.857191208626,9666.856938706436,16.7,30.0420636
AK,2013,131091.0,2545117.0,320938.0,1707449.0,236.122004416339,281.559572836526,209.347288173954,268.803363090763,2448.2077335591307,13024.91399104439,19414.887368316668,10.9,30.5355375
AZ,2013,941726.0,8164324.0,1178356.0,2934165.0,240.30491147057597,279.722267962505,213.13413148086602,257.427838227608,1251.2726631737896,3115.7311149952325,8669.532326812681,20.2,34.1651975
AR,2013,477716.0,5067546.0,572096.0,3847045.0,239.89052210005002,277.91480245625803,218.523885266815,261.256092625584,1197.5650805080845,8052.995922263436,10607.86324929456,17.1,28.0953637
CA,2013,6208733.0,68868516.0,7836263.0,35141208.0,233.65446462441287,275.901350652197,212.54596789306305,260.448287236627,1262.1356080217975,5659.964440409985,11092.201259097468,14.9,34.8605459
CO,2013,851063.0,8826868.0,696266.0,3693829.0,246.975708032011,289.68180010957997,226.663219629357,261.964490796451,818.113347660514,4340.253306746974,10371.580012290511,10.6,42.9691266
CT,2013,517812.0,10319361.0,434543.0,3870444.0,243.440297394202,285.243972274119,229.58159936534,261.50245565870097,839.1906715178482,7474.612407591944,19928.779170818754,11.3,46.9796078
DE,2013,118685.0,1930466.0,151096.0,1124112.0,243.107758182676,282.338298596548,225.77165116252002,271.00908694257197,1273.0842145174202,9471.390655937988,16265.458988077686,14.0,35.344051
FL,2013,2680074.0,24681548.0,3027018.0,9455562.0,241.675809566843,280.855839554008,227.46317661052,265.98498149856204,1129.453141965483,3528.0973585057727,9209.278549771388,14.9,29.7997475
GA,2013,1682620.0,17459504.0,1805878.0,7580785.0,240.04723664592998,279.179110912454,221.83671251456798,247.739153738325,1073.2536163839723,4505.34582971794,10376.37969357312,16.3,34.8598155
HI,2013,184760.0,2331770.0,310778.0,1962923.0,243.308618941163,281.41292228842497,214.843879930676,276.994367424941,1682.0632171465686,10624.1773111063,12620.534747780903,11.1,32.387655699999996
ID,2013,272070.0,2015534.0,237912.0,1278155.0,240.722019842936,286.413881629757,219.30298595179198,265.828297127322,874.4514279413388,4697.890248833021,7408.144962693424,12.9,28.6975675
IL,2013,2069823.0,30057886.0,2311235.0,10382540.0,239.00020401700297,284.89764716416903,218.540183872207,264.615713463699,1116.6341276524608,5016.148723828076,14521.95960717414,13.3,41.9095796
IN,2013,1002772.0,12236713.0,980013.0,7503451.0,248.59677735800202,287.767653833023,225.33234084693905,259.96056954683496,977.3039135516347,7482.708930843703,12202.886598349374,11.6,26.4216793
IA,2013,499489.0,6281345.0,459132.0,3118413.0,245.793505546843,285.07013777479,223.81580463461103,270.22416855056196,919.2034259012712,6243.206557101357,12575.542204132624,10.8,35.5773826
KS,2013,488590.0,5667223.0,420820.0,3193838.0,246.18570187094397,289.518256078135,223.386368779104,266.898720958132,861.2947461061423,6536.846845002968,11599.138336846843,13.2,38.973295
KY,2013,685009.0,7216175.0,867735.0,3960822.0,241.469926794712,280.64544247634996,224.427540486587,267.272974657765,1266.7497799298988,5782.145928009704,10534.4236353099,20.0,30.1882216
LA,2013,671156.0,8121179.0,1229248.0,3370399.0,231.36630864378998,272.76096647842604,210.45496322432098,269.003449619325,1831.538420277849,5021.781821215932,12100.28517960057,19.2,30.182091600000003
ME,2013,184682.0,2650346.0,196466.0,1029166.0,245.84700179867198,288.73115973795603,224.83328901991797,266.887523609855,1063.806976316046,5572.63837298708,14350.862563758245,12.3,31.064348300000002
MD,2013,859252.0,13814727.0,828432.0,6093652.0,245.16937954677502,286.641381102957,232.05597314742198,269.616471686598,964.1315935255316,7091.810085981761,16077.619836788277,10.3,44.4747526
MA,2013,920968.0,16114783.0,818054.0,6428534.0,253.03378520177898,300.568235011147,232.37315597277302,257.351242737394,888.2545321878719,6980.192579981064,17497.6578990801,11.9,48.1536073
MI,2013,1381167.0,18270327.0,1636324.0,9882361.0,236.819778402754,280.133597093752,217.36516772931998,269.193764016326,1184.7401509013755,7155.0804500831555,13228.180951325945,14.5,32.4314579
MN,2013,802454.0,10848720.0,646542.0,6792440.0,253.420961133202,294.592972603507,227.030741772012,273.801903090503,805.7059968546483,8464.584885862616,13519.429151079064,12.0,42.9820191
MS,2013,492847.0,4444064.0,707522.0,2213501.0,231.105721411129,271.160967287249,208.518536453726,277.009559086016,1435.5814279076474,4491.253877978358,9017.127019135756,22.5,27.9547114
MO,2013,897224.0,10103589.0,894168.0,4235564.0,239.548361930055,282.988457911702,222.33418590941602,265.942963067388,996.5939386373973,4720.743092026072,11260.943755405562,13.7,36.54419539999999
MT,2013,142797.0,1671053.0,210593.0,788329.0,243.69888459472,289.228453008852,222.982749322942,271.019654579448,1474.7718789610424,5520.627184044482,11702.297667317942,14.5,29.832443399999995
NE,2013,303242.0,3870164.0,366241.0,1217306.0,243.157929125431,285.061348473454,223.252785111637,253.14781817765493,1207.751564756861,4014.3054062431984,12762.625230014311,11.0,34.0017745
NV,2013,431776.0,4131800.0,392009.0,2556472.0,236.262899387868,278.28668090862004,213.75531361813802,267.215011778953,907.8990031868376,5920.8293189061,9569.313718224264,17.4,23.0158994
NH,2013,187703.0,2976317.0,163890.0,1020089.0,252.993525166642,295.665123344221,231.998366395397,271.765782480696,873.1346861797628,5434.5908163428385,15856.523337400042,9.0,42.06577160000001
NJ,2013,1338657.0,28070096.0,1145079.0,10986132.0,246.87090919859298,296.053351131027,228.71974406764198,269.221914635868,855.3938761011971,8206.831174826712,20968.848629634027,11.1,43.4522524
NM,2013,327209.0,3518621.0,519318.0,2401884.0,232.78143293135602,272.76180889422903,205.756405354204,261.695982235772,1587.11404637403,7340.5193622424795,10753.435877375012,21.7,26.4233292
NY,2013,2629805.0,59623918.0,3335657.0,23632698.0,240.34981686683886,281.807787831651,223.81336257733997,274.307731748779,1268.4046916026093,8986.483028209315,22672.372286158097,14.5,43.1672091
NC,2013,1468228.0,12729402.0,1579889.0,7891977.0,244.801732892983,285.645388424867,222.227715159886,276.37798779341,1076.0515396791234,5375.171294921497,8669.908215890175,18.6,31.6299358
ND,2013,101025.0,1405349.0,145905.0,685348.0,246.424794889496,290.515111260981,224.08338500152198,255.87007704604198,1444.2464736451373,6783.944568176194,13910.90324177184,9.9,37.7761485
OH,2013,1613718.0,22536516.0,1721213.0,8990516.0,245.549796905114,289.528096752185,223.88774613674198,266.346063235407,1066.6132496508064,5571.305519303868,13965.58506504854,13.7,30.146683600000006
OK,2013,671445.0,5878111.0,715944.0,2890048.0,238.921877478041,275.50673202657697,216.988876495215,264.540999710832,1066.2734847977124,4304.221492452844,8754.419200381268,14.0,23.1390197
OR,2013,564006.0,6077498.0,471682.0,3041825.0,240.09925201800598,283.524589064024,219.132674237737,267.779199654396,836.3067059570288,5393.249362595434,10775.591039811634,15.1,34.5591119
PA,2013,1623694.0,28484645.0,2049113.0,9764558.0,244.012619964297,289.623651633339,226.40232361222093,269.086973442103,1262.0068806068139,6013.792007607344,17543.11157151532,12.4,37.3180068
RI,2013,136401.0,2282659.0,193393.0,841875.0,241.41673523663502,284.092212214805,222.80223975373198,261.931495221637,1417.8268487767684,6172.058855873491,16734.913966906402,13.5,38.01801939999999
SC,2013,722249.0,8254462.0,814137.0,3819285.0,236.625899742704,279.824608578537,213.64654387011,268.282662715666,1127.2248213566236,5288.044704804021,11428.831331022957,15.9,34.3030074
SD,2013,130296.0,1316613.0,194731.0,408009.0,240.98109972224202,287.270390625653,217.930744868492,272.085365342425,1494.5278442929944,3131.400810462332,10104.784490698104,10.3,31.939295
TN,2013,992461.0,9008032.0,1165801.0,4097627.0,239.774787022732,277.720127269641,219.735394665222,266.677052388789,1174.6567371413084,4128.753673947895,9076.459427624864,18.1,28.9266633
TX,2013,4897523.0,49734537.0,5695947.0,18873046.0,241.926288740505,288.198967599188,216.909597076471,261.449050699613,1163.0260848187954,3853.5900699190174,10155.038986034368,16.8,29.1997909
UT,2013,562315.0,4300793.0,409774.0,2235917.0,242.82068873480802,284.331486246838,222.767635531589,268.100772835989,728.7267812525008,3976.271307007638,7648.369686030072,8.3,31.5520174
VT,2013,89200.0,1817307.0,114697.0,1431621.0,247.803294738209,295.469562357463,227.98651907652697,265.359504625647,1285.840807174888,16049.56278026906,20373.396860986544,8.7,37.3049812
VA,2013,1264880.0,15322318.0,1108879.0,5874323.0,246.177456938875,288.142959517699,228.555737669337,263.684137731278,876.6673518436531,4644.1741509075955,12113.653469103789,10.4,40.4821712
WA,2013,1050901.0,12242231.0,1042200.0,7159428.0,246.288338069866,289.956988743835,225.048863335833,270.041925765873,991.720437986071,6812.656948656439,11649.27143470222,12.0,37.11657889999999
WV,2013,282310.0,3486366.0,383169.0,2027414.0,237.440632664342,274.430134697899,214.663401291545,274.368547733738,1357.2632921256775,7181.516772342458,12349.424391626226,17.3,31.2932859
WI,2013,863737.0,11097447.0,827432.0,5587013.0,244.706291648161,288.74578084165404,220.818103448031,267.589864309109,957.967529467882,6468.419206309328,12848.178322799651,11.0,34.2813941
WY,2013,91533.0,1695967.0,113501.0,881114.0,246.52240092011502,288.119137263578,225.84897495660198,272.036124410819,1240.000874001726,9626.189461724189,18528.476068740238,11.8,22.0617104
AL,2015,734974.0,7360222.0,795238.0,4080167.0,230.977422662321,266.555318518065,217.049089788052,269.020028155068,1081.9947372288,5551.443996658385,10014.261728986332,16.3,26.461081
AK,2015,130755.0,2920986.0,344111.0,2026555.0,236.32841695089687,280.493456179845,212.792600219066,258.753761500039,2631.7234522580397,15498.871936063633,22339.38281518871,9.2,29.5201121
AZ,2015,944978.0,8230507.0,1093834.0,3232013.0,237.61175542795,282.919489420654,215.311336461445,260.317018773005,1157.5232439273718,3420.1992004046656,8709.733983225007,17.2,30.5839651
AR,2015,479682.0,5308625.0,581412.0,4075118.0,235.215469726642,275.06475641246897,218.077496215637,262.769391809157,1212.0780016761105,8495.457407198935,11066.967282491318,16.1,26.7193438
CA,2015,6226523.0,78248042.0,7556365.0,42360470.0,231.54934500615502,275.324573012154,212.677948539849,258.76826797665797,1213.576983494641,6803.230310078353,12566.891987711277,13.9,34.7341433
CO,2015,872320.0,9648297.0,715254.0,4354525.0,241.563575620412,285.539188724412,224.023224923274,258.986842564294,819.9445157740279,4991.889444240645,11060.501880044021,9.9,44.5814321
CT,2015,505366.0,11099837.0,444073.0,4353546.0,240.159468855002,283.956677264342,228.947543364196,268.073225333677,878.7156239240471,8614.6396868804,21963.95681545652,9.1,45.7493888
DE,2015,121845.0,2017075.0,137544.0,1142333.0,238.67801881991002,279.810243773994,223.69869684708087,273.048030410963,1128.8440231441589,9375.2964832369,16554.4339119373,11.1,36.3221248
FL,2015,2743641.0,26971491.0,3118041.0,10661586.0,242.66432092861402,275.32381795874903,227.188968975009,247.65344494672402,1136.461002004271,3885.9260376995385,9830.546707823654,16.2,32.971247600000005
GA,2015,1717805.0,18584666.0,1831221.0,8310872.0,236.452519256357,278.711796774375,222.013497271819,277.191363427262,1066.0237919903598,4838.076498787697,10818.844979494179,18.1,32.6214067
HI,2015,182384.0,2703683.0,259390.0,2381547.0,237.895806837329,279.340145034503,215.124313046421,263.383001406664,1422.219054303009,13057.872401087814,14824.12382665146,10.9,31.1388539
ID,2015,274131.0,2167967.0,232449.0,1381205.0,238.79962471268502,283.742325345327,221.69006616565886,262.268605314622,847.9486085119887,5038.485249752855,7908.507246535415,12.3,33.404847100000005
IL,2015,2047123.0,32096832.0,2262192.0,11858968.0,237.307813789509,281.968567276813,222.02226769547298,257.35043981355,1105.05914886404,5792.992409347165,15678.995351036552,10.9,40.9293083
IN,2015,1004215.0,12456571.0,929878.0,7676341.0,247.65218362008702,287.175201077669,227.278891330949,268.553479550783,925.9750153104663,7644.121029859144,12404.286930587574,13.5,31.898388500000006
IA,2015,505311.0,6714410.0,458457.0,3460798.0,243.339911874178,286.41621998599,223.62939884096,266.806728332711,907.2769047180846,6848.847541415089,13287.678281296072,10.4,35.708788799999994
KS,2015,496920.0,5991731.0,475273.0,3967809.0,241.067208517258,283.871096311731,221.08988042430698,268.25346768003504,956.437655960718,7984.804395073654,12057.737664010305,14.2,31.2803982
KY,2015,688475.0,7548871.0,848963.0,4176753.0,241.72776193105202,277.947260135803,228.05516833276198,268.200596266662,1233.1065035041213,6066.67344493264,10964.62616652747,19.5,32.86669860000001
LA,2015,661015.0,8448743.0,1235580.0,3480365.0,234.28190182676997,268.432355132751,216.199337216284,266.76553060986,1869.2162810223672,5265.1830896424435,12781.469406896973,18.6,27.765661600000005
ME,2015,176176.0,2739589.0,183883.0,1060925.0,242.24465409976503,284.875476957911,223.728607946102,267.772900145423,1043.7460267005722,6021.960993551903,15550.296294614474,12.3,32.860327100000006
MD,2015,874108.0,14491642.0,819162.0,6267624.0,239.49975090765,283.149034098785,222.944189619399,255.46941777756905,937.1404906487528,7170.308474467685,16578.777450841317,9.6,45.716770000000004
MA,2015,916130.0,16985185.0,778939.0,6808436.0,250.56577782628202,296.908571436848,235.27542341878998,268.391236298695,850.249418750614,7431.735670701757,18540.14714068964,11.5,54.4611809
MI,2015,1345009.0,19025996.0,1582706.0,10510346.0,235.728893690295,278.168651923457,216.306630194926,267.905529723763,1176.7252115041608,7814.33135391659,14145.627278330481,12.8,35.3804346
MN,2015,807044.0,11684249.0,629909.0,7567199.0,249.575846952089,294.147777973073,223.352919981062,274.497568115749,780.5138257641468,9376.439202819178,14477.833922314023,7.8,42.32063970000001
MS,2015,490189.0,4592343.0,672366.0,2324855.0,234.243053139768,270.580479347121,214.110686915211,264.496755061626,1371.6464465746885,4742.772685637581,9368.51500135662,19.1,23.9983462
MO,2015,892779.0,10623391.0,948600.0,4441091.0,238.964922500718,280.821425670635,222.72551679114,270.23681775626204,1062.5249921873162,4974.45728450154,11899.239341427161,9.8,35.3324311
MT,2015,144447.0,1804339.0,214980.0,851068.0,241.287048262014,287.464005517244,224.757393529067,251.97616520927798,1488.2967455191178,5891.904989373265,12491.356691381614,11.9,37.5380673
NE,2015,312281.0,4248695.0,344382.0,1350116.0,243.863666875446,286.49856348622797,226.634610885937,266.876351831946,1102.7952389034235,4323.401039448446,13605.35863533164,10.3,35.43764750000001
NV,2015,438948.0,4345419.0,395630.0,2744606.0,233.827016206925,275.171868843271,214.425584466776,269.956777592733,901.3140508670732,6252.6905237066785,9899.621367451273,13.0,29.2266404
NH,2015,183039.0,3093061.0,164905.0,1000063.0,249.150621351838,294.413018726344,231.94984764811198,269.426210864772,900.9282174837056,5463.660749894832,16898.371385333183,7.3,44.8660144
NJ,2015,1339230.0,29335237.0,1154004.0,11423305.0,245.383220077076,293.36593817877,229.487674441138,259.417376365165,861.6921663941223,8529.755904512294,21904.554856148683,11.2,46.2691383
NM,2015,326297.0,3789651.0,499789.0,2595682.0,231.167235964367,270.897534405553,207.24044637637687,274.8067462817,1531.6996478668207,7954.967406994242,11614.115361158701,19.7,26.7041821
NY,2015,2631532.0,63712218.0,2869847.0,25900858.0,236.796927043204,280.089220069279,222.64630319770302,270.85371153052995,1090.5613156138704,9842.501630229084,24211.07476557382,14.2,44.8635504
NC,2015,1465031.0,13146934.0,1589570.0,8172685.0,243.74226678887902,281.331091062317,225.810590900179,253.227767643793,1085.0077575150287,5578.506529895954,8973.826492408693,15.3,34.9742204
ND,2015,106061.0,1644533.0,158373.0,942772.0,244.71383057757998,288.244147214039,224.69198435116002,263.247658592835,1493.2255965906409,8888.96012671953,15505.539265139872,10.7,37.1979012
OH,2015,1600222.0,24378660.0,1676820.0,10169760.0,243.598591203345,285.061955059169,224.930419714072,260.594556550199,1047.867108438704,6355.218213472881,15234.548706366992,13.6,32.120368
OK,2015,671715.0,6121188.0,688990.0,2993050.0,239.760481447062,274.58598213813997,221.830510126344,266.95532299054,1025.7177523205526,4455.833203069754,9112.775507469683,14.2,28.1321854
OR,2015,570376.0,7111710.0,577106.0,3678001.0,237.74670893826,282.81489935264597,220.222719958397,265.879220258589,1011.7992341893766,6448.379665343563,12468.459402218888,11.9,39.0092799
PA,2015,1589429.0,29967185.0,1857885.0,10532452.0,243.312239940824,283.66841544434897,226.670774068,262.673145850428,1168.9009071811322,6626.563375904178,18854.05702299379,12.3,38.50747000000001
RI,2015,134574.0,2367068.0,184718.0,908963.0,238.00172968276402,281.445219579398,225.485536668854,267.670519675172,1372.6128375466287,6754.373058688901,17589.341180317148,11.8,41.0080126
SC,2015,737401.0,8759944.0,836137.0,4094766.0,237.08957145861402,275.827866191395,217.969676534277,268.746120751013,1133.897296043808,5552.97050044684,11879.484839320803,14.3,27.1545485
SD,2015,132836.0,1415149.0,206853.0,425614.0,239.723094945658,284.64140569223997,220.469524583778,265.05085783205897,1557.205877924659,3204.056129362522,10653.354512330994,13.9,37.582042
TN,2015,994530.0,9455920.0,1122775.0,4385403.0,240.66739574311904,278.203380665353,218.61326439370097,260.331422813083,1128.9503584607805,4409.523091309463,9507.92836817391,14.7,31.1305851
TX,2015,5004866.0,55582029.0,5830972.0,20967429.0,244.00247204328,283.793540280437,217.942913018264,267.079864989695,1165.0605630600298,4189.408667484804,11105.597832189713,14.7,32.340424299999995
UT,2015,573913.0,4705084.0,400213.0,2487937.0,242.562787058815,286.116911188659,226.14307488268398,264.771228998921,697.3408861621882,4335.04207083652,8198.253045322199,9.3,32.4859506
VT,2015,85184.0,1996795.0,105333.0,1546600.0,243.25039915815398,290.355191159079,230.098616569303,260.655135980903,1236.5350300525922,18155.991735537187,23440.96309166041,10.7,43.7521863
VA,2015,1279867.0,15857524.0,1012205.0,6240349.0,246.612621705962,287.70929867527803,228.97125501022703,269.430664700586,790.8673323087477,4875.779280190832,12389.97802115376,10.9,42.1398177
WA,2015,1072359.0,13709442.0,1036422.0,8293812.0,244.98142218530103,286.513107597489,225.89288905903086,273.961831447048,966.4879019059848,7734.174842566717,12784.377246798877,11.4,38.184940000000005
WV,2015,279565.0,3478401.0,362959.0,1979466.0,235.20466146206505,271.45070884715,216.25328788386398,266.836053468874,1298.2991433119314,7080.521524511294,12442.190546026863,14.5,29.0579159
WI,2015,861813.0,11637376.0,814385.0,5869265.0,243.31021131879902,289.077749211995,223.35635551293493,267.25088066645696,944.9671796549832,6810.36953492231,13503.365579307807,11.4,33.2651414
WY,2015,93867.0,1962874.0,120290.0,1116917.0,246.75976446726798,286.666547067471,228.160802772906,260.185272642999,1281.494028785409,11898.931466862688,20911.225457295965,9.8,25.824783399999998
